{"cameraMode":{"drawMode":0,"name":"Shaded","section":"Shading Mode"},"sceneLighting":false,"audioPlay":false,"sceneViewState":{"showFog":true,"showMaterialUpdate":false,"showSkybox":false,"showFlares":true,"showImageEffects":true,"showParticleSystems":true},"in2DMode":false,"pivot":{"x":61.310001373291019,"y":4.170000076293945,"z":-115.93000030517578},"rotation":{"x":0.24243468046188355,"y":-0.7493727803230286,"z":0.36698976159095766,"w":0.4950399100780487},"size":4.041658401489258,"orthographic":false}