{"cameraMode":{"drawMode":0,"name":"Shaded","section":"Shading Mode"},"sceneLighting":false,"audioPlay":false,"sceneViewState":{"showFog":true,"showMaterialUpdate":false,"showSkybox":false,"showFlares":true,"showImageEffects":true,"showParticleSystems":true},"in2DMode":false,"pivot":{"x":4.168015480041504,"y":3.8330469131469728,"z":23.674575805664064},"rotation":{"x":0.4920419752597809,"y":0.2765290439128876,"z":-0.16835948824882508,"w":0.8081532716751099},"size":32.942222595214847,"orthographic":false}