{"cameraMode":{"drawMode":0,"name":"Shaded","section":"Shading Mode"},"sceneLighting":false,"audioPlay":false,"sceneViewState":{"showFog":true,"showMaterialUpdate":false,"showSkybox":false,"showFlares":true,"showImageEffects":true,"showParticleSystems":true},"in2DMode":false,"pivot":{"x":4.041887283325195,"y":2.982649087905884,"z":29.615236282348634},"rotation":{"x":0.2668144702911377,"y":-0.35878777503967287,"z":0.10781191289424896,"w":0.8879619240760803},"size":29.44313621520996,"orthographic":false}