{"cameraMode":{"drawMode":0,"name":"Shaded","section":"Shading Mode"},"sceneLighting":false,"audioPlay":false,"sceneViewState":{"showFog":true,"showMaterialUpdate":false,"showSkybox":false,"showFlares":true,"showImageEffects":true,"showParticleSystems":true},"in2DMode":false,"pivot":{"x":0.5166728496551514,"y":0.5788715481758118,"z":0.21260419487953187},"rotation":{"x":-0.09020692855119705,"y":0.11121571809053421,"z":-0.01013082917779684,"w":-0.9896527528762817},"size":3.6107382774353029,"orthographic":false}