{"cameraMode":{"drawMode":0,"name":"Shaded","section":"Shading Mode"},"sceneLighting":false,"audioPlay":false,"sceneViewState":{"showFog":true,"showMaterialUpdate":false,"showSkybox":false,"showFlares":true,"showImageEffects":true,"showParticleSystems":true},"in2DMode":false,"pivot":{"x":0.037204742431640628,"y":10.232248306274414,"z":-0.3363943099975586},"rotation":{"x":0.024863820523023607,"y":-0.9549496173858643,"z":0.2838203012943268,"w":0.08356544375419617},"size":57.22076416015625,"orthographic":false}