{"cameraMode":{"drawMode":0,"name":"Shaded","section":"Shading Mode"},"sceneLighting":false,"audioPlay":false,"sceneViewState":{"showFog":true,"showMaterialUpdate":false,"showSkybox":false,"showFlares":true,"showImageEffects":true,"showParticleSystems":true},"in2DMode":false,"pivot":{"x":1.4925330877304078,"y":-0.11484408378601074,"z":1.8656373023986817},"rotation":{"x":0.1246894896030426,"y":0.15994508564472199,"z":-0.016103746369481088,"w":0.9790874719619751},"size":5.14523458480835,"orthographic":false}