{"cameraMode":{"drawMode":0,"name":"Shaded","section":"Shading Mode"},"sceneLighting":false,"audioPlay":false,"sceneViewState":{"showFog":true,"showMaterialUpdate":false,"showSkybox":false,"showFlares":true,"showImageEffects":true,"showParticleSystems":true},"in2DMode":false,"pivot":{"x":0.21250057220458985,"y":11.230030059814454,"z":-3.408313751220703},"rotation":{"x":0.024863820523023607,"y":-0.9549496173858643,"z":0.2838203012943268,"w":0.08356544375419617},"size":60.33805847167969,"orthographic":false}