{"cameraMode":{"drawMode":0,"name":"Shaded","section":"Shading Mode"},"sceneLighting":false,"audioPlay":false,"sceneViewState":{"showFog":true,"showMaterialUpdate":false,"showSkybox":false,"showFlares":true,"showImageEffects":true,"showParticleSystems":true},"in2DMode":false,"pivot":{"x":1.6457710266113282,"y":-0.48076197504997256,"z":-0.3850538730621338},"rotation":{"x":-0.008878407999873162,"y":-0.9904502034187317,"z":0.11430513858795166,"w":-0.0771222859621048},"size":3.452509880065918,"orthographic":false}